{"max_current": 0.01758058616832, "min_current": -0.00458021561088}