{"max_current": 0.016648982004480003, "min_current": -0.0030787820044800005, "max_current_actual": 0.0158561733376, "min_current_actual": -0.0029321733376}